{
  "zones": {
    "America/Virgin": [
      "z",
      {
        "wallclock": -1846281600000,
        "format": "AST",
        "abbrev": "AST",
        "offset": -14400000,
        "posix": -1846266016000,
        "save": 0
      },
      {
        "wallclock": -1.7976931348623157e+308,
        "format": "LMT",
        "abbrev": "LMT",
        "offset": -15584000,
        "posix": -1.7976931348623157e+308,
        "save": 0
      }
    ]
  },
  "rules": {}
}