{
  "zones": {
    "Africa/El_Aaiun": [
      "z",
      {
        "wallclock": 198288000000,
        "format": "WET",
        "abbrev": "WET",
        "offset": 0,
        "posix": 198291600000,
        "save": 0
      },
      {
        "wallclock": -1136073600000,
        "format": "WAT",
        "abbrev": "WAT",
        "offset": -3600000,
        "posix": -1136070432000,
        "save": 0
      },
      {
        "wallclock": -1.7976931348623157e+308,
        "format": "LMT",
        "abbrev": "LMT",
        "offset": -3168000,
        "posix": -1.7976931348623157e+308,
        "save": 0
      }
    ]
  },
  "rules": {}
}